iterations,tabu_size,avg_time,avg_bins,std_bins
1,10,2.8960893154144287,10.0,0.0
10,10,28.68127942085266,10.0,0.0
100,10,287.59535813331604,10.0,0.0
