iterations,tabu_size,avg_time,avg_bins,std_bins
1,10,2.9316070079803467,10.0,0.0
10,10,28.921374559402466,10.0,0.0
100,10,288.13684463500977,10.0,0.0
